userID,username,password
1,excitedCrackers7,$2b$12$iJ8HSJRpmpF.ozHL7pdegu3ige4ileFegu5qeA213Q5IWPSaN6rnS
2,thriftyAbalone8,$2b$12$iJ8HSJRpmpF.ozHL7pdegu3ige4ileFegu5qeA213Q5IWPSaN6rnS
3,kindApples3,$2b$12$iJ8HSJRpmpF.ozHL7pdegu3ige4ileFegu5qeA213Q5IWPSaN6rnS
4,vengefulGatorade5,$2b$12$iJ8HSJRpmpF.ozHL7pdegu3ige4ileFegu5qeA213Q5IWPSaN6rnS
5,thrilledEggs1,$2b$12$iJ8HSJRpmpF.ozHL7pdegu3ige4ileFegu5qeA213Q5IWPSaN6rnS
6,trustingPolenta0,$2b$12$iJ8HSJRpmpF.ozHL7pdegu3ige4ileFegu5qeA213Q5IWPSaN6rnS
7,jealousRice5,$2b$12$iJ8HSJRpmpF.ozHL7pdegu3ige4ileFegu5qeA213Q5IWPSaN6rnS
8,spiritedBustard1,$2b$12$iJ8HSJRpmpF.ozHL7pdegu3ige4ileFegu5qeA213Q5IWPSaN6rnS
9,finickyUnicorn4,$2b$12$iJ8HSJRpmpF.ozHL7pdegu3ige4ileFegu5qeA213Q5IWPSaN6rnS
10,cynicalWeaver7,$2b$12$iJ8HSJRpmpF.ozHL7pdegu3ige4ileFegu5qeA213Q5IWPSaN6rnS
11,excludedJaguar4,$2b$12$iJ8HSJRpmpF.ozHL7pdegu3ige4ileFegu5qeA213Q5IWPSaN6rnS
12,jumpyPoultry2,$2b$12$iJ8HSJRpmpF.ozHL7pdegu3ige4ileFegu5qeA213Q5IWPSaN6rnS
13,annoyedPup0,$2b$12$iJ8HSJRpmpF.ozHL7pdegu3ige4ileFegu5qeA213Q5IWPSaN6rnS
14,thriftyWildfowl6,$2b$12$iJ8HSJRpmpF.ozHL7pdegu3ige4ileFegu5qeA213Q5IWPSaN6rnS
15,kindBoa8,$2b$12$iJ8HSJRpmpF.ozHL7pdegu3ige4ileFegu5qeA213Q5IWPSaN6rnS
16,wrathfulFalcon4,$2b$12$iJ8HSJRpmpF.ozHL7pdegu3ige4ileFegu5qeA213Q5IWPSaN6rnS
17,thrilledCardinal3,$2b$12$iJ8HSJRpmpF.ozHL7pdegu3ige4ileFegu5qeA213Q5IWPSaN6rnS
18,empathicMallard3,$2b$12$iJ8HSJRpmpF.ozHL7pdegu3ige4ileFegu5qeA213Q5IWPSaN6rnS
19,panickyPie8,$2b$12$iJ8HSJRpmpF.ozHL7pdegu3ige4ileFegu5qeA213Q5IWPSaN6rnS
20,sadSalt5,$2b$12$iJ8HSJRpmpF.ozHL7pdegu3ige4ileFegu5qeA213Q5IWPSaN6rnS
21,gutturalSalt6,$2b$12$iJ8HSJRpmpF.ozHL7pdegu3ige4ileFegu5qeA213Q5IWPSaN6rnS
22,exactingCamel5,$2b$12$iJ8HSJRpmpF.ozHL7pdegu3ige4ileFegu5qeA213Q5IWPSaN6rnS
23,excludedOcelot7,$2b$12$iJ8HSJRpmpF.ozHL7pdegu3ige4ileFegu5qeA213Q5IWPSaN6rnS
24,offendedTomatoe5,$2b$12$iJ8HSJRpmpF.ozHL7pdegu3ige4ileFegu5qeA213Q5IWPSaN6rnS
25,exactingWasp2,$2b$12$iJ8HSJRpmpF.ozHL7pdegu3ige4ileFegu5qeA213Q5IWPSaN6rnS
26,amusedSeafowl4,$2b$12$iJ8HSJRpmpF.ozHL7pdegu3ige4ileFegu5qeA213Q5IWPSaN6rnS
27,cockyCordial8,$2b$12$iJ8HSJRpmpF.ozHL7pdegu3ige4ileFegu5qeA213Q5IWPSaN6rnS
28,mercifulSausage7,$2b$12$iJ8HSJRpmpF.ozHL7pdegu3ige4ileFegu5qeA213Q5IWPSaN6rnS
29,cruelCardinal4,$2b$12$iJ8HSJRpmpF.ozHL7pdegu3ige4ileFegu5qeA213Q5IWPSaN6rnS
30,grudgingCaribou8,$2b$12$iJ8HSJRpmpF.ozHL7pdegu3ige4ileFegu5qeA213Q5IWPSaN6rnS
31,wornoutJerky9,$2b$12$iJ8HSJRpmpF.ozHL7pdegu3ige4ileFegu5qeA213Q5IWPSaN6rnS
32,debonairPolenta2,$2b$12$iJ8HSJRpmpF.ozHL7pdegu3ige4ileFegu5qeA213Q5IWPSaN6rnS
33,affectedOryx6,$2b$12$iJ8HSJRpmpF.ozHL7pdegu3ige4ileFegu5qeA213Q5IWPSaN6rnS
34,solemnMeerkat8,$2b$12$iJ8HSJRpmpF.ozHL7pdegu3ige4ileFegu5qeA213Q5IWPSaN6rnS
35,wrathfulRelish3,$2b$12$iJ8HSJRpmpF.ozHL7pdegu3ige4ileFegu5qeA213Q5IWPSaN6rnS
36,crummyEland1,$2b$12$iJ8HSJRpmpF.ozHL7pdegu3ige4ileFegu5qeA213Q5IWPSaN6rnS
37,contentCurlew7,$2b$12$iJ8HSJRpmpF.ozHL7pdegu3ige4ileFegu5qeA213Q5IWPSaN6rnS
38,sugaryQuiche4,$2b$12$iJ8HSJRpmpF.ozHL7pdegu3ige4ileFegu5qeA213Q5IWPSaN6rnS
39,somberHawk2,$2b$12$iJ8HSJRpmpF.ozHL7pdegu3ige4ileFegu5qeA213Q5IWPSaN6rnS
40,needfulCockatoo9,$2b$12$iJ8HSJRpmpF.ozHL7pdegu3ige4ileFegu5qeA213Q5IWPSaN6rnS
41,vengefulOryx0,$2b$12$iJ8HSJRpmpF.ozHL7pdegu3ige4ileFegu5qeA213Q5IWPSaN6rnS
42,grizzledPup6,$2b$12$iJ8HSJRpmpF.ozHL7pdegu3ige4ileFegu5qeA213Q5IWPSaN6rnS
43,wakefulPie5,$2b$12$iJ8HSJRpmpF.ozHL7pdegu3ige4ileFegu5qeA213Q5IWPSaN6rnS
44,dejectedGatorade0,$2b$12$iJ8HSJRpmpF.ozHL7pdegu3ige4ileFegu5qeA213Q5IWPSaN6rnS
45,innocentRat6,$2b$12$iJ8HSJRpmpF.ozHL7pdegu3ige4ileFegu5qeA213Q5IWPSaN6rnS
46,wornoutDunbird8,$2b$12$iJ8HSJRpmpF.ozHL7pdegu3ige4ileFegu5qeA213Q5IWPSaN6rnS
47,dreadfulPonie4,$2b$12$iJ8HSJRpmpF.ozHL7pdegu3ige4ileFegu5qeA213Q5IWPSaN6rnS
48,kindLocust9,$2b$12$iJ8HSJRpmpF.ozHL7pdegu3ige4ileFegu5qeA213Q5IWPSaN6rnS
49,importedThrushe7,$2b$12$iJ8HSJRpmpF.ozHL7pdegu3ige4ileFegu5qeA213Q5IWPSaN6rnS
50,pluckyRat0,$2b$12$iJ8HSJRpmpF.ozHL7pdegu3ige4ileFegu5qeA213Q5IWPSaN6rnS
51,jumpyGatorade3,$2b$12$iJ8HSJRpmpF.ozHL7pdegu3ige4ileFegu5qeA213Q5IWPSaN6rnS
52,adoringUnicorn7,$2b$12$iJ8HSJRpmpF.ozHL7pdegu3ige4ileFegu5qeA213Q5IWPSaN6rnS
53,affectedMoth5,$2b$12$iJ8HSJRpmpF.ozHL7pdegu3ige4ileFegu5qeA213Q5IWPSaN6rnS
54,finickySeahorse4,$2b$12$iJ8HSJRpmpF.ozHL7pdegu3ige4ileFegu5qeA213Q5IWPSaN6rnS
55,wingedCurlew8,$2b$12$iJ8HSJRpmpF.ozHL7pdegu3ige4ileFegu5qeA213Q5IWPSaN6rnS
56,euphoricRuffs3,$2b$12$iJ8HSJRpmpF.ozHL7pdegu3ige4ileFegu5qeA213Q5IWPSaN6rnS
57,insecureChile6,$2b$12$iJ8HSJRpmpF.ozHL7pdegu3ige4ileFegu5qeA213Q5IWPSaN6rnS
58,jubilantWhiting4,$2b$12$iJ8HSJRpmpF.ozHL7pdegu3ige4ileFegu5qeA213Q5IWPSaN6rnS
59,peacefulRhino1,$2b$12$iJ8HSJRpmpF.ozHL7pdegu3ige4ileFegu5qeA213Q5IWPSaN6rnS
60,culturedRuffs8,$2b$12$iJ8HSJRpmpF.ozHL7pdegu3ige4ileFegu5qeA213Q5IWPSaN6rnS
61,stressedPudding9,$2b$12$iJ8HSJRpmpF.ozHL7pdegu3ige4ileFegu5qeA213Q5IWPSaN6rnS
62,betrayedCurlew8,$2b$12$iJ8HSJRpmpF.ozHL7pdegu3ige4ileFegu5qeA213Q5IWPSaN6rnS
63,enviousFish7,$2b$12$iJ8HSJRpmpF.ozHL7pdegu3ige4ileFegu5qeA213Q5IWPSaN6rnS
64,crushedFish7,$2b$12$iJ8HSJRpmpF.ozHL7pdegu3ige4ileFegu5qeA213Q5IWPSaN6rnS
65,crummyPolenta2,$2b$12$iJ8HSJRpmpF.ozHL7pdegu3ige4ileFegu5qeA213Q5IWPSaN6rnS
66,boredLlama5,$2b$12$iJ8HSJRpmpF.ozHL7pdegu3ige4ileFegu5qeA213Q5IWPSaN6rnS
67,importedRhino2,$2b$12$iJ8HSJRpmpF.ozHL7pdegu3ige4ileFegu5qeA213Q5IWPSaN6rnS
68,resolvedOrange4,$2b$12$iJ8HSJRpmpF.ozHL7pdegu3ige4ileFegu5qeA213Q5IWPSaN6rnS
69,shamefulToucan3,$2b$12$iJ8HSJRpmpF.ozHL7pdegu3ige4ileFegu5qeA213Q5IWPSaN6rnS
70,selfishCur0,$2b$12$iJ8HSJRpmpF.ozHL7pdegu3ige4ileFegu5qeA213Q5IWPSaN6rnS
71,sheepishMallard4,$2b$12$iJ8HSJRpmpF.ozHL7pdegu3ige4ileFegu5qeA213Q5IWPSaN6rnS
72,culturedFalcon7,$2b$12$iJ8HSJRpmpF.ozHL7pdegu3ige4ileFegu5qeA213Q5IWPSaN6rnS
73,troubledPolenta4,$2b$12$iJ8HSJRpmpF.ozHL7pdegu3ige4ileFegu5qeA213Q5IWPSaN6rnS
74,madBustard9,$2b$12$iJ8HSJRpmpF.ozHL7pdegu3ige4ileFegu5qeA213Q5IWPSaN6rnS
75,cockyBoa0,$2b$12$iJ8HSJRpmpF.ozHL7pdegu3ige4ileFegu5qeA213Q5IWPSaN6rnS
76,cruelChough2,$2b$12$iJ8HSJRpmpF.ozHL7pdegu3ige4ileFegu5qeA213Q5IWPSaN6rnS
77,scornfulFlamingo4,$2b$12$iJ8HSJRpmpF.ozHL7pdegu3ige4ileFegu5qeA213Q5IWPSaN6rnS
78,truthfulFalcon6,$2b$12$iJ8HSJRpmpF.ozHL7pdegu3ige4ileFegu5qeA213Q5IWPSaN6rnS
79,trustingDotterel2,$2b$12$iJ8HSJRpmpF.ozHL7pdegu3ige4ileFegu5qeA213Q5IWPSaN6rnS
80,guiltyMacaw1,$2b$12$iJ8HSJRpmpF.ozHL7pdegu3ige4ileFegu5qeA213Q5IWPSaN6rnS
81,mercifulPudding3,$2b$12$iJ8HSJRpmpF.ozHL7pdegu3ige4ileFegu5qeA213Q5IWPSaN6rnS
82,debonairRelish4,$2b$12$iJ8HSJRpmpF.ozHL7pdegu3ige4ileFegu5qeA213Q5IWPSaN6rnS
83,aloofSardines9,$2b$12$iJ8HSJRpmpF.ozHL7pdegu3ige4ileFegu5qeA213Q5IWPSaN6rnS
84,dejectedLollies8,$2b$12$iJ8HSJRpmpF.ozHL7pdegu3ige4ileFegu5qeA213Q5IWPSaN6rnS
85,betrayedBoars3,$2b$12$iJ8HSJRpmpF.ozHL7pdegu3ige4ileFegu5qeA213Q5IWPSaN6rnS
86,selfishBobolink9,$2b$12$iJ8HSJRpmpF.ozHL7pdegu3ige4ileFegu5qeA213Q5IWPSaN6rnS
87,dreadfulFish8,$2b$12$iJ8HSJRpmpF.ozHL7pdegu3ige4ileFegu5qeA213Q5IWPSaN6rnS
88,culturedRuffs6,$2b$12$iJ8HSJRpmpF.ozHL7pdegu3ige4ileFegu5qeA213Q5IWPSaN6rnS
89,giddyGatorade0,$2b$12$iJ8HSJRpmpF.ozHL7pdegu3ige4ileFegu5qeA213Q5IWPSaN6rnS
90,cheerfulClam6,$2b$12$iJ8HSJRpmpF.ozHL7pdegu3ige4ileFegu5qeA213Q5IWPSaN6rnS
91,panickyCardinal8,$2b$12$iJ8HSJRpmpF.ozHL7pdegu3ige4ileFegu5qeA213Q5IWPSaN6rnS
92,adoringStork3,$2b$12$iJ8HSJRpmpF.ozHL7pdegu3ige4ileFegu5qeA213Q5IWPSaN6rnS
93,solemnBagels5,$2b$12$iJ8HSJRpmpF.ozHL7pdegu3ige4ileFegu5qeA213Q5IWPSaN6rnS
94,alertWidgeon7,$2b$12$iJ8HSJRpmpF.ozHL7pdegu3ige4ileFegu5qeA213Q5IWPSaN6rnS
95,unhappyPudding9,$2b$12$iJ8HSJRpmpF.ozHL7pdegu3ige4ileFegu5qeA213Q5IWPSaN6rnS
96,kindEland0,$2b$12$iJ8HSJRpmpF.ozHL7pdegu3ige4ileFegu5qeA213Q5IWPSaN6rnS
97,insecureShads7,$2b$12$iJ8HSJRpmpF.ozHL7pdegu3ige4ileFegu5qeA213Q5IWPSaN6rnS
98,gleefulPaella4,$2b$12$iJ8HSJRpmpF.ozHL7pdegu3ige4ileFegu5qeA213Q5IWPSaN6rnS
99,kindMoth7,$2b$12$iJ8HSJRpmpF.ozHL7pdegu3ige4ileFegu5qeA213Q5IWPSaN6rnS
100,ashamedUnicorn6,$2b$12$iJ8HSJRpmpF.ozHL7pdegu3ige4ileFegu5qeA213Q5IWPSaN6rnS
101,crummyEagle8,$2b$12$iJ8HSJRpmpF.ozHL7pdegu3ige4ileFegu5qeA213Q5IWPSaN6rnS
102,chicDinosaur7,$2b$12$iJ8HSJRpmpF.ozHL7pdegu3ige4ileFegu5qeA213Q5IWPSaN6rnS
103,wrathfulIcecream9,$2b$12$iJ8HSJRpmpF.ozHL7pdegu3ige4ileFegu5qeA213Q5IWPSaN6rnS
104,chicBuck2,$2b$12$iJ8HSJRpmpF.ozHL7pdegu3ige4ileFegu5qeA213Q5IWPSaN6rnS
105,similarApricots5,$2b$12$iJ8HSJRpmpF.ozHL7pdegu3ige4ileFegu5qeA213Q5IWPSaN6rnS
106,pacifiedEagle8,$2b$12$iJ8HSJRpmpF.ozHL7pdegu3ige4ileFegu5qeA213Q5IWPSaN6rnS
107,humorousOcelot6,$2b$12$iJ8HSJRpmpF.ozHL7pdegu3ige4ileFegu5qeA213Q5IWPSaN6rnS
108,drearyGatorade2,$2b$12$iJ8HSJRpmpF.ozHL7pdegu3ige4ileFegu5qeA213Q5IWPSaN6rnS
109,vengefulCamel4,$2b$12$iJ8HSJRpmpF.ozHL7pdegu3ige4ileFegu5qeA213Q5IWPSaN6rnS
110,grizzledPepper1,$2b$12$iJ8HSJRpmpF.ozHL7pdegu3ige4ileFegu5qeA213Q5IWPSaN6rnS
111,euphoricThrush4,$2b$12$iJ8HSJRpmpF.ozHL7pdegu3ige4ileFegu5qeA213Q5IWPSaN6rnS
112,mereCaribou0,$2b$12$iJ8HSJRpmpF.ozHL7pdegu3ige4ileFegu5qeA213Q5IWPSaN6rnS
113,relievedBoars1,$2b$12$iJ8HSJRpmpF.ozHL7pdegu3ige4ileFegu5qeA213Q5IWPSaN6rnS
114,euphoricLemur0,$2b$12$iJ8HSJRpmpF.ozHL7pdegu3ige4ileFegu5qeA213Q5IWPSaN6rnS
115,murkyMallard7,$2b$12$iJ8HSJRpmpF.ozHL7pdegu3ige4ileFegu5qeA213Q5IWPSaN6rnS
116,madFlamingo7,$2b$12$iJ8HSJRpmpF.ozHL7pdegu3ige4ileFegu5qeA213Q5IWPSaN6rnS
117,obsessedCurlew4,$2b$12$iJ8HSJRpmpF.ozHL7pdegu3ige4ileFegu5qeA213Q5IWPSaN6rnS
118,annoyedLion9,$2b$12$iJ8HSJRpmpF.ozHL7pdegu3ige4ileFegu5qeA213Q5IWPSaN6rnS
119,murkyChile1,$2b$12$iJ8HSJRpmpF.ozHL7pdegu3ige4ileFegu5qeA213Q5IWPSaN6rnS
120,enviousPaella5,$2b$12$iJ8HSJRpmpF.ozHL7pdegu3ige4ileFegu5qeA213Q5IWPSaN6rnS
121,brainyThrush8,$2b$12$iJ8HSJRpmpF.ozHL7pdegu3ige4ileFegu5qeA213Q5IWPSaN6rnS
122,resolvedViper1,$2b$12$iJ8HSJRpmpF.ozHL7pdegu3ige4ileFegu5qeA213Q5IWPSaN6rnS
123,contentMacaw7,$2b$12$iJ8HSJRpmpF.ozHL7pdegu3ige4ileFegu5qeA213Q5IWPSaN6rnS
124,solemnJaguar2,$2b$12$iJ8HSJRpmpF.ozHL7pdegu3ige4ileFegu5qeA213Q5IWPSaN6rnS
125,wakefulLeopard8,$2b$12$iJ8HSJRpmpF.ozHL7pdegu3ige4ileFegu5qeA213Q5IWPSaN6rnS
126,murkyBittern1,$2b$12$iJ8HSJRpmpF.ozHL7pdegu3ige4ileFegu5qeA213Q5IWPSaN6rnS
127,amazedLlama0,$2b$12$iJ8HSJRpmpF.ozHL7pdegu3ige4ileFegu5qeA213Q5IWPSaN6rnS
128,culturedTortoise8,$2b$12$iJ8HSJRpmpF.ozHL7pdegu3ige4ileFegu5qeA213Q5IWPSaN6rnS
129,awedPoultry0,$2b$12$iJ8HSJRpmpF.ozHL7pdegu3ige4ileFegu5qeA213Q5IWPSaN6rnS
130,drearyChowder0,$2b$12$iJ8HSJRpmpF.ozHL7pdegu3ige4ileFegu5qeA213Q5IWPSaN6rnS
131,stressedMandrill5,$2b$12$iJ8HSJRpmpF.ozHL7pdegu3ige4ileFegu5qeA213Q5IWPSaN6rnS
132,awedBurritos5,$2b$12$iJ8HSJRpmpF.ozHL7pdegu3ige4ileFegu5qeA213Q5IWPSaN6rnS
133,kindMuesli2,$2b$12$iJ8HSJRpmpF.ozHL7pdegu3ige4ileFegu5qeA213Q5IWPSaN6rnS
134,dearCordial8,$2b$12$iJ8HSJRpmpF.ozHL7pdegu3ige4ileFegu5qeA213Q5IWPSaN6rnS
135,amusedCow5,$2b$12$iJ8HSJRpmpF.ozHL7pdegu3ige4ileFegu5qeA213Q5IWPSaN6rnS
136,kindEggs7,$2b$12$iJ8HSJRpmpF.ozHL7pdegu3ige4ileFegu5qeA213Q5IWPSaN6rnS
137,relievedSeafowl3,$2b$12$iJ8HSJRpmpF.ozHL7pdegu3ige4ileFegu5qeA213Q5IWPSaN6rnS
138,cautiousApples6,$2b$12$iJ8HSJRpmpF.ozHL7pdegu3ige4ileFegu5qeA213Q5IWPSaN6rnS
139,debonairGarlic3,$2b$12$iJ8HSJRpmpF.ozHL7pdegu3ige4ileFegu5qeA213Q5IWPSaN6rnS
140,trustingDove0,$2b$12$iJ8HSJRpmpF.ozHL7pdegu3ige4ileFegu5qeA213Q5IWPSaN6rnS
141,goofyDove4,$2b$12$iJ8HSJRpmpF.ozHL7pdegu3ige4ileFegu5qeA213Q5IWPSaN6rnS
142,ashamedMacaw5,$2b$12$iJ8HSJRpmpF.ozHL7pdegu3ige4ileFegu5qeA213Q5IWPSaN6rnS
143,obsessedIguana3,$2b$12$iJ8HSJRpmpF.ozHL7pdegu3ige4ileFegu5qeA213Q5IWPSaN6rnS
144,dearDove0,$2b$12$iJ8HSJRpmpF.ozHL7pdegu3ige4ileFegu5qeA213Q5IWPSaN6rnS
145,offendedCurlew9,$2b$12$iJ8HSJRpmpF.ozHL7pdegu3ige4ileFegu5qeA213Q5IWPSaN6rnS
146,contentBittern8,$2b$12$iJ8HSJRpmpF.ozHL7pdegu3ige4ileFegu5qeA213Q5IWPSaN6rnS
147,grizzledIcecream6,$2b$12$iJ8HSJRpmpF.ozHL7pdegu3ige4ileFegu5qeA213Q5IWPSaN6rnS
148,needyChile7,$2b$12$iJ8HSJRpmpF.ozHL7pdegu3ige4ileFegu5qeA213Q5IWPSaN6rnS
149,decimalWigeon3,$2b$12$iJ8HSJRpmpF.ozHL7pdegu3ige4ileFegu5qeA213Q5IWPSaN6rnS
150,amusedBittern3,$2b$12$iJ8HSJRpmpF.ozHL7pdegu3ige4ileFegu5qeA213Q5IWPSaN6rnS
151,pacifiedSeahorse1,$2b$12$iJ8HSJRpmpF.ozHL7pdegu3ige4ileFegu5qeA213Q5IWPSaN6rnS
152,dearSheep6,$2b$12$iJ8HSJRpmpF.ozHL7pdegu3ige4ileFegu5qeA213Q5IWPSaN6rnS
153,solidEagle8,$2b$12$iJ8HSJRpmpF.ozHL7pdegu3ige4ileFegu5qeA213Q5IWPSaN6rnS
154,needyWildfowl2,$2b$12$iJ8HSJRpmpF.ozHL7pdegu3ige4ileFegu5qeA213Q5IWPSaN6rnS
155,awedOatmeal4,$2b$12$iJ8HSJRpmpF.ozHL7pdegu3ige4ileFegu5qeA213Q5IWPSaN6rnS
156,contentWildfowl1,$2b$12$iJ8HSJRpmpF.ozHL7pdegu3ige4ileFegu5qeA213Q5IWPSaN6rnS
157,cynicalPiglet2,$2b$12$iJ8HSJRpmpF.ozHL7pdegu3ige4ileFegu5qeA213Q5IWPSaN6rnS
158,wornoutSnipe6,$2b$12$iJ8HSJRpmpF.ozHL7pdegu3ige4ileFegu5qeA213Q5IWPSaN6rnS
159,vengefulChowder6,$2b$12$iJ8HSJRpmpF.ozHL7pdegu3ige4ileFegu5qeA213Q5IWPSaN6rnS
160,crummyIcecream9,$2b$12$iJ8HSJRpmpF.ozHL7pdegu3ige4ileFegu5qeA213Q5IWPSaN6rnS
161,lyingHoopoe9,$2b$12$iJ8HSJRpmpF.ozHL7pdegu3ige4ileFegu5qeA213Q5IWPSaN6rnS
162,vengefulSeafowl2,$2b$12$iJ8HSJRpmpF.ozHL7pdegu3ige4ileFegu5qeA213Q5IWPSaN6rnS
163,humorousRuffs8,$2b$12$iJ8HSJRpmpF.ozHL7pdegu3ige4ileFegu5qeA213Q5IWPSaN6rnS
164,contentRice0,$2b$12$iJ8HSJRpmpF.ozHL7pdegu3ige4ileFegu5qeA213Q5IWPSaN6rnS
165,mercifulThrush5,$2b$12$iJ8HSJRpmpF.ozHL7pdegu3ige4ileFegu5qeA213Q5IWPSaN6rnS
166,pleasedLocust2,$2b$12$iJ8HSJRpmpF.ozHL7pdegu3ige4ileFegu5qeA213Q5IWPSaN6rnS
167,grudgingEland8,$2b$12$iJ8HSJRpmpF.ozHL7pdegu3ige4ileFegu5qeA213Q5IWPSaN6rnS
168,resolvedRuffs7,$2b$12$iJ8HSJRpmpF.ozHL7pdegu3ige4ileFegu5qeA213Q5IWPSaN6rnS
169,brainyGranola8,$2b$12$iJ8HSJRpmpF.ozHL7pdegu3ige4ileFegu5qeA213Q5IWPSaN6rnS
170,enviousBuzzard7,$2b$12$iJ8HSJRpmpF.ozHL7pdegu3ige4ileFegu5qeA213Q5IWPSaN6rnS
171,resolvedCurlew9,$2b$12$iJ8HSJRpmpF.ozHL7pdegu3ige4ileFegu5qeA213Q5IWPSaN6rnS
172,outlyingChamois5,$2b$12$iJ8HSJRpmpF.ozHL7pdegu3ige4ileFegu5qeA213Q5IWPSaN6rnS
173,mercifulMeerkat5,$2b$12$iJ8HSJRpmpF.ozHL7pdegu3ige4ileFegu5qeA213Q5IWPSaN6rnS
174,murkySheep4,$2b$12$iJ8HSJRpmpF.ozHL7pdegu3ige4ileFegu5qeA213Q5IWPSaN6rnS
175,cautiousSausage1,$2b$12$iJ8HSJRpmpF.ozHL7pdegu3ige4ileFegu5qeA213Q5IWPSaN6rnS
176,eagerRice1,$2b$12$iJ8HSJRpmpF.ozHL7pdegu3ige4ileFegu5qeA213Q5IWPSaN6rnS
177,aloofChamois5,$2b$12$iJ8HSJRpmpF.ozHL7pdegu3ige4ileFegu5qeA213Q5IWPSaN6rnS
178,ashamedPoultry6,$2b$12$iJ8HSJRpmpF.ozHL7pdegu3ige4ileFegu5qeA213Q5IWPSaN6rnS
179,anxiousViper1,$2b$12$iJ8HSJRpmpF.ozHL7pdegu3ige4ileFegu5qeA213Q5IWPSaN6rnS
180,amazedCordial4,$2b$12$iJ8HSJRpmpF.ozHL7pdegu3ige4ileFegu5qeA213Q5IWPSaN6rnS
181,somberSausage8,$2b$12$iJ8HSJRpmpF.ozHL7pdegu3ige4ileFegu5qeA213Q5IWPSaN6rnS
182,abjectDotterel6,$2b$12$iJ8HSJRpmpF.ozHL7pdegu3ige4ileFegu5qeA213Q5IWPSaN6rnS
183,insecureRhino2,$2b$12$iJ8HSJRpmpF.ozHL7pdegu3ige4ileFegu5qeA213Q5IWPSaN6rnS
184,humorousHoopoe0,$2b$12$iJ8HSJRpmpF.ozHL7pdegu3ige4ileFegu5qeA213Q5IWPSaN6rnS
185,jubilantWildfowl7,$2b$12$iJ8HSJRpmpF.ozHL7pdegu3ige4ileFegu5qeA213Q5IWPSaN6rnS
186,panickyDoughnut2,$2b$12$iJ8HSJRpmpF.ozHL7pdegu3ige4ileFegu5qeA213Q5IWPSaN6rnS
187,contentMoth2,$2b$12$iJ8HSJRpmpF.ozHL7pdegu3ige4ileFegu5qeA213Q5IWPSaN6rnS
188,yearningBurritos3,$2b$12$iJ8HSJRpmpF.ozHL7pdegu3ige4ileFegu5qeA213Q5IWPSaN6rnS
189,decimalLollies0,$2b$12$iJ8HSJRpmpF.ozHL7pdegu3ige4ileFegu5qeA213Q5IWPSaN6rnS
190,artisticChile0,$2b$12$iJ8HSJRpmpF.ozHL7pdegu3ige4ileFegu5qeA213Q5IWPSaN6rnS
191,affectedPepper2,$2b$12$iJ8HSJRpmpF.ozHL7pdegu3ige4ileFegu5qeA213Q5IWPSaN6rnS
192,joyfulTortoise8,$2b$12$iJ8HSJRpmpF.ozHL7pdegu3ige4ileFegu5qeA213Q5IWPSaN6rnS
193,scornfulBaboon4,$2b$12$iJ8HSJRpmpF.ozHL7pdegu3ige4ileFegu5qeA213Q5IWPSaN6rnS
194,somberCordial8,$2b$12$iJ8HSJRpmpF.ozHL7pdegu3ige4ileFegu5qeA213Q5IWPSaN6rnS
195,sheepishRat5,$2b$12$iJ8HSJRpmpF.ozHL7pdegu3ige4ileFegu5qeA213Q5IWPSaN6rnS
196,zestyPorpoise5,$2b$12$iJ8HSJRpmpF.ozHL7pdegu3ige4ileFegu5qeA213Q5IWPSaN6rnS
197,mercifulFerret2,$2b$12$iJ8HSJRpmpF.ozHL7pdegu3ige4ileFegu5qeA213Q5IWPSaN6rnS
198,madLard1,$2b$12$iJ8HSJRpmpF.ozHL7pdegu3ige4ileFegu5qeA213Q5IWPSaN6rnS
199,forsakenLemur8,$2b$12$iJ8HSJRpmpF.ozHL7pdegu3ige4ileFegu5qeA213Q5IWPSaN6rnS
200,wrathfulTermite8,$2b$12$iJ8HSJRpmpF.ozHL7pdegu3ige4ileFegu5qeA213Q5IWPSaN6rnS
201,needySeafowl2,$2b$12$iJ8HSJRpmpF.ozHL7pdegu3ige4ileFegu5qeA213Q5IWPSaN6rnS
202,zestySnipe7,$2b$12$iJ8HSJRpmpF.ozHL7pdegu3ige4ileFegu5qeA213Q5IWPSaN6rnS
203,similarBagels9,$2b$12$iJ8HSJRpmpF.ozHL7pdegu3ige4ileFegu5qeA213Q5IWPSaN6rnS
204,kindIcecream3,$2b$12$iJ8HSJRpmpF.ozHL7pdegu3ige4ileFegu5qeA213Q5IWPSaN6rnS
205,relievedCaribou5,$2b$12$iJ8HSJRpmpF.ozHL7pdegu3ige4ileFegu5qeA213Q5IWPSaN6rnS
206,joyfulLlama2,$2b$12$iJ8HSJRpmpF.ozHL7pdegu3ige4ileFegu5qeA213Q5IWPSaN6rnS
207,hushedDoves2,$2b$12$iJ8HSJRpmpF.ozHL7pdegu3ige4ileFegu5qeA213Q5IWPSaN6rnS
208,gloomyWildfowl7,$2b$12$iJ8HSJRpmpF.ozHL7pdegu3ige4ileFegu5qeA213Q5IWPSaN6rnS
209,debonairDunbird6,$2b$12$iJ8HSJRpmpF.ozHL7pdegu3ige4ileFegu5qeA213Q5IWPSaN6rnS
210,pleasedZebra2,$2b$12$iJ8HSJRpmpF.ozHL7pdegu3ige4ileFegu5qeA213Q5IWPSaN6rnS
211,pluckyCake6,$2b$12$iJ8HSJRpmpF.ozHL7pdegu3ige4ileFegu5qeA213Q5IWPSaN6rnS
212,soreLemur5,$2b$12$iJ8HSJRpmpF.ozHL7pdegu3ige4ileFegu5qeA213Q5IWPSaN6rnS
213,scornfulWidgeon4,$2b$12$iJ8HSJRpmpF.ozHL7pdegu3ige4ileFegu5qeA213Q5IWPSaN6rnS
214,madAbalone4,$2b$12$iJ8HSJRpmpF.ozHL7pdegu3ige4ileFegu5qeA213Q5IWPSaN6rnS
215,gleefulSwift0,$2b$12$iJ8HSJRpmpF.ozHL7pdegu3ige4ileFegu5qeA213Q5IWPSaN6rnS
216,grizzledSausage4,$2b$12$iJ8HSJRpmpF.ozHL7pdegu3ige4ileFegu5qeA213Q5IWPSaN6rnS
217,obsessedPudding4,$2b$12$iJ8HSJRpmpF.ozHL7pdegu3ige4ileFegu5qeA213Q5IWPSaN6rnS
218,blissfulStork2,$2b$12$iJ8HSJRpmpF.ozHL7pdegu3ige4ileFegu5qeA213Q5IWPSaN6rnS
219,lazySalt6,$2b$12$iJ8HSJRpmpF.ozHL7pdegu3ige4ileFegu5qeA213Q5IWPSaN6rnS
220,peskyCake7,$2b$12$iJ8HSJRpmpF.ozHL7pdegu3ige4ileFegu5qeA213Q5IWPSaN6rnS
221,blissfulMandrill8,$2b$12$iJ8HSJRpmpF.ozHL7pdegu3ige4ileFegu5qeA213Q5IWPSaN6rnS
222,betrayedFerret7,$2b$12$iJ8HSJRpmpF.ozHL7pdegu3ige4ileFegu5qeA213Q5IWPSaN6rnS
223,dreadfulCoati9,$2b$12$iJ8HSJRpmpF.ozHL7pdegu3ige4ileFegu5qeA213Q5IWPSaN6rnS
224,boastfulBuck9,$2b$12$iJ8HSJRpmpF.ozHL7pdegu3ige4ileFegu5qeA213Q5IWPSaN6rnS
225,lyingMoth2,$2b$12$iJ8HSJRpmpF.ozHL7pdegu3ige4ileFegu5qeA213Q5IWPSaN6rnS
226,finickyCrane3,$2b$12$iJ8HSJRpmpF.ozHL7pdegu3ige4ileFegu5qeA213Q5IWPSaN6rnS
227,pleasedQuiche5,$2b$12$iJ8HSJRpmpF.ozHL7pdegu3ige4ileFegu5qeA213Q5IWPSaN6rnS
228,aloofPretzels4,$2b$12$iJ8HSJRpmpF.ozHL7pdegu3ige4ileFegu5qeA213Q5IWPSaN6rnS
229,cruelThrushe6,$2b$12$iJ8HSJRpmpF.ozHL7pdegu3ige4ileFegu5qeA213Q5IWPSaN6rnS
230,alertRat1,$2b$12$iJ8HSJRpmpF.ozHL7pdegu3ige4ileFegu5qeA213Q5IWPSaN6rnS
231,unhappyBurritos7,$2b$12$iJ8HSJRpmpF.ozHL7pdegu3ige4ileFegu5qeA213Q5IWPSaN6rnS
232,thriftyWildfowl3,$2b$12$iJ8HSJRpmpF.ozHL7pdegu3ige4ileFegu5qeA213Q5IWPSaN6rnS
233,spiritedDingo0,$2b$12$iJ8HSJRpmpF.ozHL7pdegu3ige4ileFegu5qeA213Q5IWPSaN6rnS
234,lyingDotterel9,$2b$12$iJ8HSJRpmpF.ozHL7pdegu3ige4ileFegu5qeA213Q5IWPSaN6rnS
235,jealousBaboon8,$2b$12$iJ8HSJRpmpF.ozHL7pdegu3ige4ileFegu5qeA213Q5IWPSaN6rnS
236,superiorCaviar1,$2b$12$iJ8HSJRpmpF.ozHL7pdegu3ige4ileFegu5qeA213Q5IWPSaN6rnS
237,troubledMeerkat2,$2b$12$iJ8HSJRpmpF.ozHL7pdegu3ige4ileFegu5qeA213Q5IWPSaN6rnS
238,thrilledLlama2,$2b$12$iJ8HSJRpmpF.ozHL7pdegu3ige4ileFegu5qeA213Q5IWPSaN6rnS
239,empathicBuzzard7,$2b$12$iJ8HSJRpmpF.ozHL7pdegu3ige4ileFegu5qeA213Q5IWPSaN6rnS
240,importedPiglet9,$2b$12$iJ8HSJRpmpF.ozHL7pdegu3ige4ileFegu5qeA213Q5IWPSaN6rnS
241,trustingMuesli5,$2b$12$iJ8HSJRpmpF.ozHL7pdegu3ige4ileFegu5qeA213Q5IWPSaN6rnS
242,troubledSheep3,$2b$12$iJ8HSJRpmpF.ozHL7pdegu3ige4ileFegu5qeA213Q5IWPSaN6rnS
243,obsessedCrackers0,$2b$12$iJ8HSJRpmpF.ozHL7pdegu3ige4ileFegu5qeA213Q5IWPSaN6rnS
244,tautTruffle7,$2b$12$iJ8HSJRpmpF.ozHL7pdegu3ige4ileFegu5qeA213Q5IWPSaN6rnS
245,wingedOtter5,$2b$12$iJ8HSJRpmpF.ozHL7pdegu3ige4ileFegu5qeA213Q5IWPSaN6rnS
246,pitifulCheese0,$2b$12$iJ8HSJRpmpF.ozHL7pdegu3ige4ileFegu5qeA213Q5IWPSaN6rnS
247,adoringOil9,$2b$12$iJ8HSJRpmpF.ozHL7pdegu3ige4ileFegu5qeA213Q5IWPSaN6rnS
248,emptySeagull7,$2b$12$iJ8HSJRpmpF.ozHL7pdegu3ige4ileFegu5qeA213Q5IWPSaN6rnS
249,outlyingOtter7,$2b$12$iJ8HSJRpmpF.ozHL7pdegu3ige4ileFegu5qeA213Q5IWPSaN6rnS
250,eagerLard2,$2b$12$iJ8HSJRpmpF.ozHL7pdegu3ige4ileFegu5qeA213Q5IWPSaN6rnS
251,fondLion2,$2b$12$iJ8HSJRpmpF.ozHL7pdegu3ige4ileFegu5qeA213Q5IWPSaN6rnS
252,panickyWidgeon8,$2b$12$iJ8HSJRpmpF.ozHL7pdegu3ige4ileFegu5qeA213Q5IWPSaN6rnS
253,soreCockatoo0,$2b$12$iJ8HSJRpmpF.ozHL7pdegu3ige4ileFegu5qeA213Q5IWPSaN6rnS
254,scornfulTacos5,$2b$12$iJ8HSJRpmpF.ozHL7pdegu3ige4ileFegu5qeA213Q5IWPSaN6rnS
255,jealousPiglet0,$2b$12$iJ8HSJRpmpF.ozHL7pdegu3ige4ileFegu5qeA213Q5IWPSaN6rnS
256,culturedFalcon1,$2b$12$iJ8HSJRpmpF.ozHL7pdegu3ige4ileFegu5qeA213Q5IWPSaN6rnS
257,grizzledCake5,$2b$12$iJ8HSJRpmpF.ozHL7pdegu3ige4ileFegu5qeA213Q5IWPSaN6rnS
258,sadGatorade6,$2b$12$iJ8HSJRpmpF.ozHL7pdegu3ige4ileFegu5qeA213Q5IWPSaN6rnS
259,mercifulEggs2,$2b$12$iJ8HSJRpmpF.ozHL7pdegu3ige4ileFegu5qeA213Q5IWPSaN6rnS
260,grumpyBustard7,$2b$12$iJ8HSJRpmpF.ozHL7pdegu3ige4ileFegu5qeA213Q5IWPSaN6rnS
261,guiltyCheese4,$2b$12$iJ8HSJRpmpF.ozHL7pdegu3ige4ileFegu5qeA213Q5IWPSaN6rnS
262,aboardEland7,$2b$12$iJ8HSJRpmpF.ozHL7pdegu3ige4ileFegu5qeA213Q5IWPSaN6rnS
263,contentTeal5,$2b$12$iJ8HSJRpmpF.ozHL7pdegu3ige4ileFegu5qeA213Q5IWPSaN6rnS
264,cockyPie8,$2b$12$iJ8HSJRpmpF.ozHL7pdegu3ige4ileFegu5qeA213Q5IWPSaN6rnS
265,needfulMoth8,$2b$12$iJ8HSJRpmpF.ozHL7pdegu3ige4ileFegu5qeA213Q5IWPSaN6rnS
266,euphoricVenison1,$2b$12$iJ8HSJRpmpF.ozHL7pdegu3ige4ileFegu5qeA213Q5IWPSaN6rnS
267,lyingRelish2,$2b$12$iJ8HSJRpmpF.ozHL7pdegu3ige4ileFegu5qeA213Q5IWPSaN6rnS
268,tautCoati5,$2b$12$iJ8HSJRpmpF.ozHL7pdegu3ige4ileFegu5qeA213Q5IWPSaN6rnS
269,aboardPonie9,$2b$12$iJ8HSJRpmpF.ozHL7pdegu3ige4ileFegu5qeA213Q5IWPSaN6rnS
270,crummyBittern1,$2b$12$iJ8HSJRpmpF.ozHL7pdegu3ige4ileFegu5qeA213Q5IWPSaN6rnS
271,insecureHawk0,$2b$12$iJ8HSJRpmpF.ozHL7pdegu3ige4ileFegu5qeA213Q5IWPSaN6rnS
272,empathicLapwing1,$2b$12$iJ8HSJRpmpF.ozHL7pdegu3ige4ileFegu5qeA213Q5IWPSaN6rnS
273,vengefulCrackers5,$2b$12$iJ8HSJRpmpF.ozHL7pdegu3ige4ileFegu5qeA213Q5IWPSaN6rnS
274,forsakenThrush7,$2b$12$iJ8HSJRpmpF.ozHL7pdegu3ige4ileFegu5qeA213Q5IWPSaN6rnS
275,guiltyBustard5,$2b$12$iJ8HSJRpmpF.ozHL7pdegu3ige4ileFegu5qeA213Q5IWPSaN6rnS
276,gutturalAbalone1,$2b$12$iJ8HSJRpmpF.ozHL7pdegu3ige4ileFegu5qeA213Q5IWPSaN6rnS
277,alertBasmati2,$2b$12$iJ8HSJRpmpF.ozHL7pdegu3ige4ileFegu5qeA213Q5IWPSaN6rnS
278,guiltyDotterel2,$2b$12$iJ8HSJRpmpF.ozHL7pdegu3ige4ileFegu5qeA213Q5IWPSaN6rnS
279,artisticOtter5,$2b$12$iJ8HSJRpmpF.ozHL7pdegu3ige4ileFegu5qeA213Q5IWPSaN6rnS
280,crushedMacaw8,$2b$12$iJ8HSJRpmpF.ozHL7pdegu3ige4ileFegu5qeA213Q5IWPSaN6rnS
281,pridefulGnu5,$2b$12$iJ8HSJRpmpF.ozHL7pdegu3ige4ileFegu5qeA213Q5IWPSaN6rnS
282,troubledLeopard1,$2b$12$iJ8HSJRpmpF.ozHL7pdegu3ige4ileFegu5qeA213Q5IWPSaN6rnS
283,pridefulDinosaur0,$2b$12$iJ8HSJRpmpF.ozHL7pdegu3ige4ileFegu5qeA213Q5IWPSaN6rnS
284,relievedApples6,$2b$12$iJ8HSJRpmpF.ozHL7pdegu3ige4ileFegu5qeA213Q5IWPSaN6rnS
285,sadBuzzard2,$2b$12$iJ8HSJRpmpF.ozHL7pdegu3ige4ileFegu5qeA213Q5IWPSaN6rnS
286,lazySardines6,$2b$12$iJ8HSJRpmpF.ozHL7pdegu3ige4ileFegu5qeA213Q5IWPSaN6rnS
287,crummyTacos5,$2b$12$iJ8HSJRpmpF.ozHL7pdegu3ige4ileFegu5qeA213Q5IWPSaN6rnS
288,cheerfulBobolink3,$2b$12$iJ8HSJRpmpF.ozHL7pdegu3ige4ileFegu5qeA213Q5IWPSaN6rnS
289,shyBurritos6,$2b$12$iJ8HSJRpmpF.ozHL7pdegu3ige4ileFegu5qeA213Q5IWPSaN6rnS
290,morbidPepper1,$2b$12$iJ8HSJRpmpF.ozHL7pdegu3ige4ileFegu5qeA213Q5IWPSaN6rnS
291,giddyHyena7,$2b$12$iJ8HSJRpmpF.ozHL7pdegu3ige4ileFegu5qeA213Q5IWPSaN6rnS
292,mercifulRaisins9,$2b$12$iJ8HSJRpmpF.ozHL7pdegu3ige4ileFegu5qeA213Q5IWPSaN6rnS
293,adoringDotterel4,$2b$12$iJ8HSJRpmpF.ozHL7pdegu3ige4ileFegu5qeA213Q5IWPSaN6rnS
294,enviousSardines4,$2b$12$iJ8HSJRpmpF.ozHL7pdegu3ige4ileFegu5qeA213Q5IWPSaN6rnS
295,excitedWidgeon3,$2b$12$iJ8HSJRpmpF.ozHL7pdegu3ige4ileFegu5qeA213Q5IWPSaN6rnS
296,lazyDunbird5,$2b$12$iJ8HSJRpmpF.ozHL7pdegu3ige4ileFegu5qeA213Q5IWPSaN6rnS
297,dearCheetah2,$2b$12$iJ8HSJRpmpF.ozHL7pdegu3ige4ileFegu5qeA213Q5IWPSaN6rnS
298,offendedLeopard8,$2b$12$iJ8HSJRpmpF.ozHL7pdegu3ige4ileFegu5qeA213Q5IWPSaN6rnS
299,brainyMandrill0,$2b$12$iJ8HSJRpmpF.ozHL7pdegu3ige4ileFegu5qeA213Q5IWPSaN6rnS
300,insecureTuna8,$2b$12$iJ8HSJRpmpF.ozHL7pdegu3ige4ileFegu5qeA213Q5IWPSaN6rnS
301,mildOryx7,$2b$12$iJ8HSJRpmpF.ozHL7pdegu3ige4ileFegu5qeA213Q5IWPSaN6rnS
302,stressedJaguar6,$2b$12$iJ8HSJRpmpF.ozHL7pdegu3ige4ileFegu5qeA213Q5IWPSaN6rnS
303,dopeyCod6,$2b$12$iJ8HSJRpmpF.ozHL7pdegu3ige4ileFegu5qeA213Q5IWPSaN6rnS
304,innocentTortoise5,$2b$12$iJ8HSJRpmpF.ozHL7pdegu3ige4ileFegu5qeA213Q5IWPSaN6rnS
305,sugaryOtter4,$2b$12$iJ8HSJRpmpF.ozHL7pdegu3ige4ileFegu5qeA213Q5IWPSaN6rnS
306,lovesickWidgeon4,$2b$12$iJ8HSJRpmpF.ozHL7pdegu3ige4ileFegu5qeA213Q5IWPSaN6rnS
307,dreadfulGranola9,$2b$12$iJ8HSJRpmpF.ozHL7pdegu3ige4ileFegu5qeA213Q5IWPSaN6rnS
308,troubledRuffs1,$2b$12$iJ8HSJRpmpF.ozHL7pdegu3ige4ileFegu5qeA213Q5IWPSaN6rnS
309,blissfulSeagull1,$2b$12$iJ8HSJRpmpF.ozHL7pdegu3ige4ileFegu5qeA213Q5IWPSaN6rnS
310,euphoricCur9,$2b$12$iJ8HSJRpmpF.ozHL7pdegu3ige4ileFegu5qeA213Q5IWPSaN6rnS
311,dopeyVenison1,$2b$12$iJ8HSJRpmpF.ozHL7pdegu3ige4ileFegu5qeA213Q5IWPSaN6rnS
312,gloomyRat1,$2b$12$iJ8HSJRpmpF.ozHL7pdegu3ige4ileFegu5qeA213Q5IWPSaN6rnS
313,spiritedFalcon2,$2b$12$iJ8HSJRpmpF.ozHL7pdegu3ige4ileFegu5qeA213Q5IWPSaN6rnS
314,wearyGnu8,$2b$12$iJ8HSJRpmpF.ozHL7pdegu3ige4ileFegu5qeA213Q5IWPSaN6rnS
315,soreCurlew6,$2b$12$iJ8HSJRpmpF.ozHL7pdegu3ige4ileFegu5qeA213Q5IWPSaN6rnS
316,drearySalami3,$2b$12$iJ8HSJRpmpF.ozHL7pdegu3ige4ileFegu5qeA213Q5IWPSaN6rnS
317,somberBass6,$2b$12$iJ8HSJRpmpF.ozHL7pdegu3ige4ileFegu5qeA213Q5IWPSaN6rnS
318,resolvedBagels0,$2b$12$iJ8HSJRpmpF.ozHL7pdegu3ige4ileFegu5qeA213Q5IWPSaN6rnS
319,euphoricTermite6,$2b$12$iJ8HSJRpmpF.ozHL7pdegu3ige4ileFegu5qeA213Q5IWPSaN6rnS
320,guiltyWigeon8,$2b$12$iJ8HSJRpmpF.ozHL7pdegu3ige4ileFegu5qeA213Q5IWPSaN6rnS
321,culturedOtter4,$2b$12$iJ8HSJRpmpF.ozHL7pdegu3ige4ileFegu5qeA213Q5IWPSaN6rnS
322,grudgingCaviar1,$2b$12$iJ8HSJRpmpF.ozHL7pdegu3ige4ileFegu5qeA213Q5IWPSaN6rnS
323,contentMare4,$2b$12$iJ8HSJRpmpF.ozHL7pdegu3ige4ileFegu5qeA213Q5IWPSaN6rnS
324,lyingCoati6,$2b$12$iJ8HSJRpmpF.ozHL7pdegu3ige4ileFegu5qeA213Q5IWPSaN6rnS
325,curiousTortoise2,$2b$12$iJ8HSJRpmpF.ozHL7pdegu3ige4ileFegu5qeA213Q5IWPSaN6rnS
326,peskyPonie8,$2b$12$iJ8HSJRpmpF.ozHL7pdegu3ige4ileFegu5qeA213Q5IWPSaN6rnS
327,madRaisins8,$2b$12$iJ8HSJRpmpF.ozHL7pdegu3ige4ileFegu5qeA213Q5IWPSaN6rnS
328,euphoricStork1,$2b$12$iJ8HSJRpmpF.ozHL7pdegu3ige4ileFegu5qeA213Q5IWPSaN6rnS
329,aboardThrushe4,$2b$12$iJ8HSJRpmpF.ozHL7pdegu3ige4ileFegu5qeA213Q5IWPSaN6rnS
330,crushedDoughnut5,$2b$12$iJ8HSJRpmpF.ozHL7pdegu3ige4ileFegu5qeA213Q5IWPSaN6rnS
331,cheerfulToucan5,$2b$12$iJ8HSJRpmpF.ozHL7pdegu3ige4ileFegu5qeA213Q5IWPSaN6rnS
332,cheerfulOcelot7,$2b$12$iJ8HSJRpmpF.ozHL7pdegu3ige4ileFegu5qeA213Q5IWPSaN6rnS
333,exactingIcecream7,$2b$12$iJ8HSJRpmpF.ozHL7pdegu3ige4ileFegu5qeA213Q5IWPSaN6rnS
334,insecureBurritos1,$2b$12$iJ8HSJRpmpF.ozHL7pdegu3ige4ileFegu5qeA213Q5IWPSaN6rnS
335,dreadfulHeron8,$2b$12$iJ8HSJRpmpF.ozHL7pdegu3ige4ileFegu5qeA213Q5IWPSaN6rnS
336,forsakenLard7,$2b$12$iJ8HSJRpmpF.ozHL7pdegu3ige4ileFegu5qeA213Q5IWPSaN6rnS
337,jubilantBobolink1,$2b$12$iJ8HSJRpmpF.ozHL7pdegu3ige4ileFegu5qeA213Q5IWPSaN6rnS
338,humorousRhino0,$2b$12$iJ8HSJRpmpF.ozHL7pdegu3ige4ileFegu5qeA213Q5IWPSaN6rnS
339,blissfulOil8,$2b$12$iJ8HSJRpmpF.ozHL7pdegu3ige4ileFegu5qeA213Q5IWPSaN6rnS
340,obsessedZebra3,$2b$12$iJ8HSJRpmpF.ozHL7pdegu3ige4ileFegu5qeA213Q5IWPSaN6rnS
341,cockySeagull2,$2b$12$iJ8HSJRpmpF.ozHL7pdegu3ige4ileFegu5qeA213Q5IWPSaN6rnS
342,madOatmeal9,$2b$12$iJ8HSJRpmpF.ozHL7pdegu3ige4ileFegu5qeA213Q5IWPSaN6rnS
343,insecureCur2,$2b$12$iJ8HSJRpmpF.ozHL7pdegu3ige4ileFegu5qeA213Q5IWPSaN6rnS
344,scornfulEland7,$2b$12$iJ8HSJRpmpF.ozHL7pdegu3ige4ileFegu5qeA213Q5IWPSaN6rnS
345,dopeyCheetah0,$2b$12$iJ8HSJRpmpF.ozHL7pdegu3ige4ileFegu5qeA213Q5IWPSaN6rnS
346,zestyThrushe6,$2b$12$iJ8HSJRpmpF.ozHL7pdegu3ige4ileFegu5qeA213Q5IWPSaN6rnS
347,jumpyCoconut4,$2b$12$iJ8HSJRpmpF.ozHL7pdegu3ige4ileFegu5qeA213Q5IWPSaN6rnS
348,euphoricPlover3,$2b$12$iJ8HSJRpmpF.ozHL7pdegu3ige4ileFegu5qeA213Q5IWPSaN6rnS
349,trustingLollies1,$2b$12$iJ8HSJRpmpF.ozHL7pdegu3ige4ileFegu5qeA213Q5IWPSaN6rnS
350,fondBustard8,$2b$12$iJ8HSJRpmpF.ozHL7pdegu3ige4ileFegu5qeA213Q5IWPSaN6rnS
351,sincerePaella7,$2b$12$iJ8HSJRpmpF.ozHL7pdegu3ige4ileFegu5qeA213Q5IWPSaN6rnS
352,peacefulBasmati3,$2b$12$iJ8HSJRpmpF.ozHL7pdegu3ige4ileFegu5qeA213Q5IWPSaN6rnS
353,lyingPolenta2,$2b$12$iJ8HSJRpmpF.ozHL7pdegu3ige4ileFegu5qeA213Q5IWPSaN6rnS
354,humorousLizard1,$2b$12$iJ8HSJRpmpF.ozHL7pdegu3ige4ileFegu5qeA213Q5IWPSaN6rnS
355,debonairMallard5,$2b$12$iJ8HSJRpmpF.ozHL7pdegu3ige4ileFegu5qeA213Q5IWPSaN6rnS
356,soreSardines4,$2b$12$iJ8HSJRpmpF.ozHL7pdegu3ige4ileFegu5qeA213Q5IWPSaN6rnS
357,emptyZebra4,$2b$12$iJ8HSJRpmpF.ozHL7pdegu3ige4ileFegu5qeA213Q5IWPSaN6rnS
358,sadJaguar1,$2b$12$iJ8HSJRpmpF.ozHL7pdegu3ige4ileFegu5qeA213Q5IWPSaN6rnS
359,ardentPorpoise9,$2b$12$iJ8HSJRpmpF.ozHL7pdegu3ige4ileFegu5qeA213Q5IWPSaN6rnS
360,relievedPorpoise9,$2b$12$iJ8HSJRpmpF.ozHL7pdegu3ige4ileFegu5qeA213Q5IWPSaN6rnS
361,insecurePudding5,$2b$12$iJ8HSJRpmpF.ozHL7pdegu3ige4ileFegu5qeA213Q5IWPSaN6rnS
362,truthfulApricots6,$2b$12$iJ8HSJRpmpF.ozHL7pdegu3ige4ileFegu5qeA213Q5IWPSaN6rnS
363,humorousWeaver0,$2b$12$iJ8HSJRpmpF.ozHL7pdegu3ige4ileFegu5qeA213Q5IWPSaN6rnS
364,needfulEland0,$2b$12$iJ8HSJRpmpF.ozHL7pdegu3ige4ileFegu5qeA213Q5IWPSaN6rnS
365,murkyPoultry1,$2b$12$iJ8HSJRpmpF.ozHL7pdegu3ige4ileFegu5qeA213Q5IWPSaN6rnS
366,relievedTuna0,$2b$12$iJ8HSJRpmpF.ozHL7pdegu3ige4ileFegu5qeA213Q5IWPSaN6rnS
367,resolvedCur4,$2b$12$iJ8HSJRpmpF.ozHL7pdegu3ige4ileFegu5qeA213Q5IWPSaN6rnS
368,enragedSwift1,$2b$12$iJ8HSJRpmpF.ozHL7pdegu3ige4ileFegu5qeA213Q5IWPSaN6rnS
369,awedToucan4,$2b$12$iJ8HSJRpmpF.ozHL7pdegu3ige4ileFegu5qeA213Q5IWPSaN6rnS
370,finickyEggs7,$2b$12$iJ8HSJRpmpF.ozHL7pdegu3ige4ileFegu5qeA213Q5IWPSaN6rnS
371,dopeyCaviar1,$2b$12$iJ8HSJRpmpF.ozHL7pdegu3ige4ileFegu5qeA213Q5IWPSaN6rnS
372,mercifulLollies3,$2b$12$iJ8HSJRpmpF.ozHL7pdegu3ige4ileFegu5qeA213Q5IWPSaN6rnS
373,tautFish9,$2b$12$iJ8HSJRpmpF.ozHL7pdegu3ige4ileFegu5qeA213Q5IWPSaN6rnS
374,grudgingLizard3,$2b$12$iJ8HSJRpmpF.ozHL7pdegu3ige4ileFegu5qeA213Q5IWPSaN6rnS
375,excitedRat5,$2b$12$iJ8HSJRpmpF.ozHL7pdegu3ige4ileFegu5qeA213Q5IWPSaN6rnS
376,resolvedPie8,$2b$12$iJ8HSJRpmpF.ozHL7pdegu3ige4ileFegu5qeA213Q5IWPSaN6rnS
377,awedEagle9,$2b$12$iJ8HSJRpmpF.ozHL7pdegu3ige4ileFegu5qeA213Q5IWPSaN6rnS
378,guiltyLocust0,$2b$12$iJ8HSJRpmpF.ozHL7pdegu3ige4ileFegu5qeA213Q5IWPSaN6rnS
379,outlyingEggs8,$2b$12$iJ8HSJRpmpF.ozHL7pdegu3ige4ileFegu5qeA213Q5IWPSaN6rnS
380,ashamedTruffle2,$2b$12$iJ8HSJRpmpF.ozHL7pdegu3ige4ileFegu5qeA213Q5IWPSaN6rnS
381,artisticTermite2,$2b$12$iJ8HSJRpmpF.ozHL7pdegu3ige4ileFegu5qeA213Q5IWPSaN6rnS
382,pridefulSalt8,$2b$12$iJ8HSJRpmpF.ozHL7pdegu3ige4ileFegu5qeA213Q5IWPSaN6rnS
383,jumpyHare6,$2b$12$iJ8HSJRpmpF.ozHL7pdegu3ige4ileFegu5qeA213Q5IWPSaN6rnS
384,panickyGranola8,$2b$12$iJ8HSJRpmpF.ozHL7pdegu3ige4ileFegu5qeA213Q5IWPSaN6rnS
385,sheepishMallard3,$2b$12$iJ8HSJRpmpF.ozHL7pdegu3ige4ileFegu5qeA213Q5IWPSaN6rnS
386,pleasedOtter6,$2b$12$iJ8HSJRpmpF.ozHL7pdegu3ige4ileFegu5qeA213Q5IWPSaN6rnS
387,lazyDoughnut9,$2b$12$iJ8HSJRpmpF.ozHL7pdegu3ige4ileFegu5qeA213Q5IWPSaN6rnS
388,dejectedPolenta8,$2b$12$iJ8HSJRpmpF.ozHL7pdegu3ige4ileFegu5qeA213Q5IWPSaN6rnS
389,jubilantRuffs4,$2b$12$iJ8HSJRpmpF.ozHL7pdegu3ige4ileFegu5qeA213Q5IWPSaN6rnS
390,pacifiedCheese2,$2b$12$iJ8HSJRpmpF.ozHL7pdegu3ige4ileFegu5qeA213Q5IWPSaN6rnS
391,needfulCaviar0,$2b$12$iJ8HSJRpmpF.ozHL7pdegu3ige4ileFegu5qeA213Q5IWPSaN6rnS
392,troubledStork3,$2b$12$iJ8HSJRpmpF.ozHL7pdegu3ige4ileFegu5qeA213Q5IWPSaN6rnS
393,truthfulHawk4,$2b$12$iJ8HSJRpmpF.ozHL7pdegu3ige4ileFegu5qeA213Q5IWPSaN6rnS
394,ashamedDove1,$2b$12$iJ8HSJRpmpF.ozHL7pdegu3ige4ileFegu5qeA213Q5IWPSaN6rnS
395,wornoutFish8,$2b$12$iJ8HSJRpmpF.ozHL7pdegu3ige4ileFegu5qeA213Q5IWPSaN6rnS
396,somberOryx5,$2b$12$iJ8HSJRpmpF.ozHL7pdegu3ige4ileFegu5qeA213Q5IWPSaN6rnS
397,scornfulGelding1,$2b$12$iJ8HSJRpmpF.ozHL7pdegu3ige4ileFegu5qeA213Q5IWPSaN6rnS
398,dreadfulDoughnut5,$2b$12$iJ8HSJRpmpF.ozHL7pdegu3ige4ileFegu5qeA213Q5IWPSaN6rnS
399,vengefulOatmeal2,$2b$12$iJ8HSJRpmpF.ozHL7pdegu3ige4ileFegu5qeA213Q5IWPSaN6rnS
400,artisticWildfowl8,$2b$12$iJ8HSJRpmpF.ozHL7pdegu3ige4ileFegu5qeA213Q5IWPSaN6rnS
401,panickyMussel5,$2b$12$iJ8HSJRpmpF.ozHL7pdegu3ige4ileFegu5qeA213Q5IWPSaN6rnS
402,awedJerky7,$2b$12$iJ8HSJRpmpF.ozHL7pdegu3ige4ileFegu5qeA213Q5IWPSaN6rnS
403,exactingDoves7,$2b$12$iJ8HSJRpmpF.ozHL7pdegu3ige4ileFegu5qeA213Q5IWPSaN6rnS
404,curiousPolenta7,$2b$12$iJ8HSJRpmpF.ozHL7pdegu3ige4ileFegu5qeA213Q5IWPSaN6rnS
405,grumpyCardinal2,$2b$12$iJ8HSJRpmpF.ozHL7pdegu3ige4ileFegu5qeA213Q5IWPSaN6rnS
406,dearAbalone2,$2b$12$iJ8HSJRpmpF.ozHL7pdegu3ige4ileFegu5qeA213Q5IWPSaN6rnS
407,excitedGelding7,$2b$12$iJ8HSJRpmpF.ozHL7pdegu3ige4ileFegu5qeA213Q5IWPSaN6rnS
408,peskyCaviar9,$2b$12$iJ8HSJRpmpF.ozHL7pdegu3ige4ileFegu5qeA213Q5IWPSaN6rnS
409,contentLemur1,$2b$12$iJ8HSJRpmpF.ozHL7pdegu3ige4ileFegu5qeA213Q5IWPSaN6rnS
410,giddyFish8,$2b$12$iJ8HSJRpmpF.ozHL7pdegu3ige4ileFegu5qeA213Q5IWPSaN6rnS
411,offendedLapwing1,$2b$12$iJ8HSJRpmpF.ozHL7pdegu3ige4ileFegu5qeA213Q5IWPSaN6rnS
412,enragedAntelope0,$2b$12$iJ8HSJRpmpF.ozHL7pdegu3ige4ileFegu5qeA213Q5IWPSaN6rnS
413,humorousPonie0,$2b$12$iJ8HSJRpmpF.ozHL7pdegu3ige4ileFegu5qeA213Q5IWPSaN6rnS
414,crummyTomatoe7,$2b$12$iJ8HSJRpmpF.ozHL7pdegu3ige4ileFegu5qeA213Q5IWPSaN6rnS
415,crummyChile8,$2b$12$iJ8HSJRpmpF.ozHL7pdegu3ige4ileFegu5qeA213Q5IWPSaN6rnS
416,empathicBurritos9,$2b$12$iJ8HSJRpmpF.ozHL7pdegu3ige4ileFegu5qeA213Q5IWPSaN6rnS
417,cruelSmelt4,$2b$12$iJ8HSJRpmpF.ozHL7pdegu3ige4ileFegu5qeA213Q5IWPSaN6rnS
418,wornoutBobolink5,$2b$12$iJ8HSJRpmpF.ozHL7pdegu3ige4ileFegu5qeA213Q5IWPSaN6rnS
419,shamefulGatorade4,$2b$12$iJ8HSJRpmpF.ozHL7pdegu3ige4ileFegu5qeA213Q5IWPSaN6rnS
420,adoringBasmati2,$2b$12$iJ8HSJRpmpF.ozHL7pdegu3ige4ileFegu5qeA213Q5IWPSaN6rnS
421,pitifulAntelope1,$2b$12$iJ8HSJRpmpF.ozHL7pdegu3ige4ileFegu5qeA213Q5IWPSaN6rnS
422,empathicZebra7,$2b$12$iJ8HSJRpmpF.ozHL7pdegu3ige4ileFegu5qeA213Q5IWPSaN6rnS
423,awedSwift4,$2b$12$iJ8HSJRpmpF.ozHL7pdegu3ige4ileFegu5qeA213Q5IWPSaN6rnS
424,importedDotterel7,$2b$12$iJ8HSJRpmpF.ozHL7pdegu3ige4ileFegu5qeA213Q5IWPSaN6rnS
425,wrathfulRat2,$2b$12$iJ8HSJRpmpF.ozHL7pdegu3ige4ileFegu5qeA213Q5IWPSaN6rnS
426,awedLocust3,$2b$12$iJ8HSJRpmpF.ozHL7pdegu3ige4ileFegu5qeA213Q5IWPSaN6rnS
427,thrilledTeal7,$2b$12$iJ8HSJRpmpF.ozHL7pdegu3ige4ileFegu5qeA213Q5IWPSaN6rnS
428,jubilantBobolink0,$2b$12$iJ8HSJRpmpF.ozHL7pdegu3ige4ileFegu5qeA213Q5IWPSaN6rnS
429,affectedSardines0,$2b$12$iJ8HSJRpmpF.ozHL7pdegu3ige4ileFegu5qeA213Q5IWPSaN6rnS
430,abjectDoves7,$2b$12$iJ8HSJRpmpF.ozHL7pdegu3ige4ileFegu5qeA213Q5IWPSaN6rnS
431,peskyLizard3,$2b$12$iJ8HSJRpmpF.ozHL7pdegu3ige4ileFegu5qeA213Q5IWPSaN6rnS
432,trustingGatorade0,$2b$12$iJ8HSJRpmpF.ozHL7pdegu3ige4ileFegu5qeA213Q5IWPSaN6rnS
433,debonairTomatoe4,$2b$12$iJ8HSJRpmpF.ozHL7pdegu3ige4ileFegu5qeA213Q5IWPSaN6rnS
434,fondLollies5,$2b$12$iJ8HSJRpmpF.ozHL7pdegu3ige4ileFegu5qeA213Q5IWPSaN6rnS
435,finickyEland9,$2b$12$iJ8HSJRpmpF.ozHL7pdegu3ige4ileFegu5qeA213Q5IWPSaN6rnS
436,mellowOil3,$2b$12$iJ8HSJRpmpF.ozHL7pdegu3ige4ileFegu5qeA213Q5IWPSaN6rnS
437,crushedHeron8,$2b$12$iJ8HSJRpmpF.ozHL7pdegu3ige4ileFegu5qeA213Q5IWPSaN6rnS
438,dopeyRuffs0,$2b$12$iJ8HSJRpmpF.ozHL7pdegu3ige4ileFegu5qeA213Q5IWPSaN6rnS
439,peacefulTortoise3,$2b$12$iJ8HSJRpmpF.ozHL7pdegu3ige4ileFegu5qeA213Q5IWPSaN6rnS
440,affectedSnail6,$2b$12$iJ8HSJRpmpF.ozHL7pdegu3ige4ileFegu5qeA213Q5IWPSaN6rnS
441,zestySheep3,$2b$12$iJ8HSJRpmpF.ozHL7pdegu3ige4ileFegu5qeA213Q5IWPSaN6rnS
442,spiritedGnu2,$2b$12$iJ8HSJRpmpF.ozHL7pdegu3ige4ileFegu5qeA213Q5IWPSaN6rnS
443,kindMackerel5,$2b$12$iJ8HSJRpmpF.ozHL7pdegu3ige4ileFegu5qeA213Q5IWPSaN6rnS
444,gutturalApples5,$2b$12$iJ8HSJRpmpF.ozHL7pdegu3ige4ileFegu5qeA213Q5IWPSaN6rnS
445,wingedTomatoe3,$2b$12$iJ8HSJRpmpF.ozHL7pdegu3ige4ileFegu5qeA213Q5IWPSaN6rnS
446,wearyCrane9,$2b$12$iJ8HSJRpmpF.ozHL7pdegu3ige4ileFegu5qeA213Q5IWPSaN6rnS
447,cautiousApricots6,$2b$12$iJ8HSJRpmpF.ozHL7pdegu3ige4ileFegu5qeA213Q5IWPSaN6rnS
448,outlyingRuffs2,$2b$12$iJ8HSJRpmpF.ozHL7pdegu3ige4ileFegu5qeA213Q5IWPSaN6rnS
449,thriftyUnicorn7,$2b$12$iJ8HSJRpmpF.ozHL7pdegu3ige4ileFegu5qeA213Q5IWPSaN6rnS
450,eagerGelding7,$2b$12$iJ8HSJRpmpF.ozHL7pdegu3ige4ileFegu5qeA213Q5IWPSaN6rnS
451,boastfulSardines7,$2b$12$iJ8HSJRpmpF.ozHL7pdegu3ige4ileFegu5qeA213Q5IWPSaN6rnS
452,emptyWasp1,$2b$12$iJ8HSJRpmpF.ozHL7pdegu3ige4ileFegu5qeA213Q5IWPSaN6rnS
453,insecureChough4,$2b$12$iJ8HSJRpmpF.ozHL7pdegu3ige4ileFegu5qeA213Q5IWPSaN6rnS
454,anxiousLlama2,$2b$12$iJ8HSJRpmpF.ozHL7pdegu3ige4ileFegu5qeA213Q5IWPSaN6rnS
455,truthfulApricots9,$2b$12$iJ8HSJRpmpF.ozHL7pdegu3ige4ileFegu5qeA213Q5IWPSaN6rnS
456,emptyLlama9,$2b$12$iJ8HSJRpmpF.ozHL7pdegu3ige4ileFegu5qeA213Q5IWPSaN6rnS
457,soreOwl1,$2b$12$iJ8HSJRpmpF.ozHL7pdegu3ige4ileFegu5qeA213Q5IWPSaN6rnS
458,lovesickCake2,$2b$12$iJ8HSJRpmpF.ozHL7pdegu3ige4ileFegu5qeA213Q5IWPSaN6rnS
459,fondCurlew4,$2b$12$iJ8HSJRpmpF.ozHL7pdegu3ige4ileFegu5qeA213Q5IWPSaN6rnS
460,cockyCoati5,$2b$12$iJ8HSJRpmpF.ozHL7pdegu3ige4ileFegu5qeA213Q5IWPSaN6rnS
461,holisticMussel5,$2b$12$iJ8HSJRpmpF.ozHL7pdegu3ige4ileFegu5qeA213Q5IWPSaN6rnS
462,obsessedWigeon7,$2b$12$iJ8HSJRpmpF.ozHL7pdegu3ige4ileFegu5qeA213Q5IWPSaN6rnS
463,decimalBuzzard7,$2b$12$iJ8HSJRpmpF.ozHL7pdegu3ige4ileFegu5qeA213Q5IWPSaN6rnS
464,somberOtter4,$2b$12$iJ8HSJRpmpF.ozHL7pdegu3ige4ileFegu5qeA213Q5IWPSaN6rnS
465,adoringLapwing6,$2b$12$iJ8HSJRpmpF.ozHL7pdegu3ige4ileFegu5qeA213Q5IWPSaN6rnS
466,abjectVenison4,$2b$12$iJ8HSJRpmpF.ozHL7pdegu3ige4ileFegu5qeA213Q5IWPSaN6rnS
467,forsakenTruffle2,$2b$12$iJ8HSJRpmpF.ozHL7pdegu3ige4ileFegu5qeA213Q5IWPSaN6rnS
468,lovesickRhino8,$2b$12$iJ8HSJRpmpF.ozHL7pdegu3ige4ileFegu5qeA213Q5IWPSaN6rnS
469,excitedWhiting1,$2b$12$iJ8HSJRpmpF.ozHL7pdegu3ige4ileFegu5qeA213Q5IWPSaN6rnS
470,aboardCow2,$2b$12$iJ8HSJRpmpF.ozHL7pdegu3ige4ileFegu5qeA213Q5IWPSaN6rnS
471,zestyLizard3,$2b$12$iJ8HSJRpmpF.ozHL7pdegu3ige4ileFegu5qeA213Q5IWPSaN6rnS
472,outlyingThrushe6,$2b$12$iJ8HSJRpmpF.ozHL7pdegu3ige4ileFegu5qeA213Q5IWPSaN6rnS
473,pluckyBagels4,$2b$12$iJ8HSJRpmpF.ozHL7pdegu3ige4ileFegu5qeA213Q5IWPSaN6rnS
474,somberLollies1,$2b$12$iJ8HSJRpmpF.ozHL7pdegu3ige4ileFegu5qeA213Q5IWPSaN6rnS
475,madCheetah0,$2b$12$iJ8HSJRpmpF.ozHL7pdegu3ige4ileFegu5qeA213Q5IWPSaN6rnS
476,outlyingThrush3,$2b$12$iJ8HSJRpmpF.ozHL7pdegu3ige4ileFegu5qeA213Q5IWPSaN6rnS
477,blissfulCur4,$2b$12$iJ8HSJRpmpF.ozHL7pdegu3ige4ileFegu5qeA213Q5IWPSaN6rnS
478,curiousMeerkat6,$2b$12$iJ8HSJRpmpF.ozHL7pdegu3ige4ileFegu5qeA213Q5IWPSaN6rnS
479,crushedEland2,$2b$12$iJ8HSJRpmpF.ozHL7pdegu3ige4ileFegu5qeA213Q5IWPSaN6rnS
480,ecstaticPonie7,$2b$12$iJ8HSJRpmpF.ozHL7pdegu3ige4ileFegu5qeA213Q5IWPSaN6rnS
481,cockyWhiting8,$2b$12$iJ8HSJRpmpF.ozHL7pdegu3ige4ileFegu5qeA213Q5IWPSaN6rnS
482,jealousKitten0,$2b$12$iJ8HSJRpmpF.ozHL7pdegu3ige4ileFegu5qeA213Q5IWPSaN6rnS
483,ardentLlama6,$2b$12$iJ8HSJRpmpF.ozHL7pdegu3ige4ileFegu5qeA213Q5IWPSaN6rnS
484,guiltyHeron4,$2b$12$iJ8HSJRpmpF.ozHL7pdegu3ige4ileFegu5qeA213Q5IWPSaN6rnS
485,gloomyKitten2,$2b$12$iJ8HSJRpmpF.ozHL7pdegu3ige4ileFegu5qeA213Q5IWPSaN6rnS
486,giddyLemur8,$2b$12$iJ8HSJRpmpF.ozHL7pdegu3ige4ileFegu5qeA213Q5IWPSaN6rnS
487,wakefulPonie5,$2b$12$iJ8HSJRpmpF.ozHL7pdegu3ige4ileFegu5qeA213Q5IWPSaN6rnS
488,unhappyLocust3,$2b$12$iJ8HSJRpmpF.ozHL7pdegu3ige4ileFegu5qeA213Q5IWPSaN6rnS
489,obsessedDinosaur7,$2b$12$iJ8HSJRpmpF.ozHL7pdegu3ige4ileFegu5qeA213Q5IWPSaN6rnS
490,culturedDingo3,$2b$12$iJ8HSJRpmpF.ozHL7pdegu3ige4ileFegu5qeA213Q5IWPSaN6rnS
491,superiorDoves8,$2b$12$iJ8HSJRpmpF.ozHL7pdegu3ige4ileFegu5qeA213Q5IWPSaN6rnS
492,soreDunbird9,$2b$12$iJ8HSJRpmpF.ozHL7pdegu3ige4ileFegu5qeA213Q5IWPSaN6rnS
493,tautCurlew6,$2b$12$iJ8HSJRpmpF.ozHL7pdegu3ige4ileFegu5qeA213Q5IWPSaN6rnS
494,sadGelding2,$2b$12$iJ8HSJRpmpF.ozHL7pdegu3ige4ileFegu5qeA213Q5IWPSaN6rnS
495,artisticStork0,$2b$12$iJ8HSJRpmpF.ozHL7pdegu3ige4ileFegu5qeA213Q5IWPSaN6rnS
496,artisticBass9,$2b$12$iJ8HSJRpmpF.ozHL7pdegu3ige4ileFegu5qeA213Q5IWPSaN6rnS
497,ferventCake1,$2b$12$iJ8HSJRpmpF.ozHL7pdegu3ige4ileFegu5qeA213Q5IWPSaN6rnS
498,alertApples1,$2b$12$iJ8HSJRpmpF.ozHL7pdegu3ige4ileFegu5qeA213Q5IWPSaN6rnS
499,brainySheep3,$2b$12$iJ8HSJRpmpF.ozHL7pdegu3ige4ileFegu5qeA213Q5IWPSaN6rnS
500,wrathfulTruffle8,$2b$12$iJ8HSJRpmpF.ozHL7pdegu3ige4ileFegu5qeA213Q5IWPSaN6rnS
501,finickyJerky3,$2b$12$iJ8HSJRpmpF.ozHL7pdegu3ige4ileFegu5qeA213Q5IWPSaN6rnS
502,importedBasmati6,$2b$12$iJ8HSJRpmpF.ozHL7pdegu3ige4ileFegu5qeA213Q5IWPSaN6rnS
503,anxiousFish9,$2b$12$iJ8HSJRpmpF.ozHL7pdegu3ige4ileFegu5qeA213Q5IWPSaN6rnS
504,drearyRelish1,$2b$12$iJ8HSJRpmpF.ozHL7pdegu3ige4ileFegu5qeA213Q5IWPSaN6rnS
505,lazyCockatoo3,$2b$12$iJ8HSJRpmpF.ozHL7pdegu3ige4ileFegu5qeA213Q5IWPSaN6rnS
506,fondBittern7,$2b$12$iJ8HSJRpmpF.ozHL7pdegu3ige4ileFegu5qeA213Q5IWPSaN6rnS
507,exactingBuck8,$2b$12$iJ8HSJRpmpF.ozHL7pdegu3ige4ileFegu5qeA213Q5IWPSaN6rnS
508,thrilledWigeon2,$2b$12$iJ8HSJRpmpF.ozHL7pdegu3ige4ileFegu5qeA213Q5IWPSaN6rnS
509,wearyApples6,$2b$12$iJ8HSJRpmpF.ozHL7pdegu3ige4ileFegu5qeA213Q5IWPSaN6rnS
510,lyingCockatoo2,$2b$12$iJ8HSJRpmpF.ozHL7pdegu3ige4ileFegu5qeA213Q5IWPSaN6rnS
511,chicThrushe9,$2b$12$iJ8HSJRpmpF.ozHL7pdegu3ige4ileFegu5qeA213Q5IWPSaN6rnS
512,holisticBustard7,$2b$12$iJ8HSJRpmpF.ozHL7pdegu3ige4ileFegu5qeA213Q5IWPSaN6rnS
513,insecureBurritos9,$2b$12$iJ8HSJRpmpF.ozHL7pdegu3ige4ileFegu5qeA213Q5IWPSaN6rnS
514,yearningHyena0,$2b$12$iJ8HSJRpmpF.ozHL7pdegu3ige4ileFegu5qeA213Q5IWPSaN6rnS
515,morbidChamois1,$2b$12$iJ8HSJRpmpF.ozHL7pdegu3ige4ileFegu5qeA213Q5IWPSaN6rnS
516,murkyPie1,$2b$12$iJ8HSJRpmpF.ozHL7pdegu3ige4ileFegu5qeA213Q5IWPSaN6rnS
517,madZebra7,$2b$12$iJ8HSJRpmpF.ozHL7pdegu3ige4ileFegu5qeA213Q5IWPSaN6rnS
518,amazedCrane9,$2b$12$iJ8HSJRpmpF.ozHL7pdegu3ige4ileFegu5qeA213Q5IWPSaN6rnS
519,solemnOcelot1,$2b$12$iJ8HSJRpmpF.ozHL7pdegu3ige4ileFegu5qeA213Q5IWPSaN6rnS
520,joyfulTacos2,$2b$12$iJ8HSJRpmpF.ozHL7pdegu3ige4ileFegu5qeA213Q5IWPSaN6rnS
521,wearySyrup1,$2b$12$iJ8HSJRpmpF.ozHL7pdegu3ige4ileFegu5qeA213Q5IWPSaN6rnS
522,relievedPorpoise2,$2b$12$iJ8HSJRpmpF.ozHL7pdegu3ige4ileFegu5qeA213Q5IWPSaN6rnS
523,grizzledHeron1,$2b$12$iJ8HSJRpmpF.ozHL7pdegu3ige4ileFegu5qeA213Q5IWPSaN6rnS
524,wingedMagpie4,$2b$12$iJ8HSJRpmpF.ozHL7pdegu3ige4ileFegu5qeA213Q5IWPSaN6rnS
525,joyfulDinosaur7,$2b$12$iJ8HSJRpmpF.ozHL7pdegu3ige4ileFegu5qeA213Q5IWPSaN6rnS
526,sincereOil7,$2b$12$iJ8HSJRpmpF.ozHL7pdegu3ige4ileFegu5qeA213Q5IWPSaN6rnS
527,yearningFish5,$2b$12$iJ8HSJRpmpF.ozHL7pdegu3ige4ileFegu5qeA213Q5IWPSaN6rnS
528,cruelTacos3,$2b$12$iJ8HSJRpmpF.ozHL7pdegu3ige4ileFegu5qeA213Q5IWPSaN6rnS
529,stressedThrushe7,$2b$12$iJ8HSJRpmpF.ozHL7pdegu3ige4ileFegu5qeA213Q5IWPSaN6rnS
530,obsessedBaboon0,$2b$12$iJ8HSJRpmpF.ozHL7pdegu3ige4ileFegu5qeA213Q5IWPSaN6rnS
531,thriftyPretzels0,$2b$12$iJ8HSJRpmpF.ozHL7pdegu3ige4ileFegu5qeA213Q5IWPSaN6rnS
532,betrayedTuna2,$2b$12$iJ8HSJRpmpF.ozHL7pdegu3ige4ileFegu5qeA213Q5IWPSaN6rnS
533,insecureDove4,$2b$12$iJ8HSJRpmpF.ozHL7pdegu3ige4ileFegu5qeA213Q5IWPSaN6rnS
534,dopeySausage9,$2b$12$iJ8HSJRpmpF.ozHL7pdegu3ige4ileFegu5qeA213Q5IWPSaN6rnS
535,humorousCrackers7,$2b$12$iJ8HSJRpmpF.ozHL7pdegu3ige4ileFegu5qeA213Q5IWPSaN6rnS
536,panickyLocust2,$2b$12$iJ8HSJRpmpF.ozHL7pdegu3ige4ileFegu5qeA213Q5IWPSaN6rnS
537,somberCod4,$2b$12$iJ8HSJRpmpF.ozHL7pdegu3ige4ileFegu5qeA213Q5IWPSaN6rnS
538,goofyLlama8,$2b$12$iJ8HSJRpmpF.ozHL7pdegu3ige4ileFegu5qeA213Q5IWPSaN6rnS
539,cautiousDoughnut6,$2b$12$iJ8HSJRpmpF.ozHL7pdegu3ige4ileFegu5qeA213Q5IWPSaN6rnS
540,enragedHare2,$2b$12$iJ8HSJRpmpF.ozHL7pdegu3ige4ileFegu5qeA213Q5IWPSaN6rnS
541,pitifulOatmeal0,$2b$12$iJ8HSJRpmpF.ozHL7pdegu3ige4ileFegu5qeA213Q5IWPSaN6rnS
542,aloofOwl3,$2b$12$iJ8HSJRpmpF.ozHL7pdegu3ige4ileFegu5qeA213Q5IWPSaN6rnS
543,tautOtter9,$2b$12$iJ8HSJRpmpF.ozHL7pdegu3ige4ileFegu5qeA213Q5IWPSaN6rnS
544,culturedHare8,$2b$12$iJ8HSJRpmpF.ozHL7pdegu3ige4ileFegu5qeA213Q5IWPSaN6rnS
545,shyLion3,$2b$12$iJ8HSJRpmpF.ozHL7pdegu3ige4ileFegu5qeA213Q5IWPSaN6rnS
546,drearyWigeon4,$2b$12$iJ8HSJRpmpF.ozHL7pdegu3ige4ileFegu5qeA213Q5IWPSaN6rnS
547,sincereLemur0,$2b$12$iJ8HSJRpmpF.ozHL7pdegu3ige4ileFegu5qeA213Q5IWPSaN6rnS
548,fondPoultry0,$2b$12$iJ8HSJRpmpF.ozHL7pdegu3ige4ileFegu5qeA213Q5IWPSaN6rnS
549,dejectedPiglet8,$2b$12$iJ8HSJRpmpF.ozHL7pdegu3ige4ileFegu5qeA213Q5IWPSaN6rnS
550,giddyWhiting3,$2b$12$iJ8HSJRpmpF.ozHL7pdegu3ige4ileFegu5qeA213Q5IWPSaN6rnS
551,zestyWidgeon0,$2b$12$iJ8HSJRpmpF.ozHL7pdegu3ige4ileFegu5qeA213Q5IWPSaN6rnS
552,mercifulRelish6,$2b$12$iJ8HSJRpmpF.ozHL7pdegu3ige4ileFegu5qeA213Q5IWPSaN6rnS
553,anxiousCheese2,$2b$12$iJ8HSJRpmpF.ozHL7pdegu3ige4ileFegu5qeA213Q5IWPSaN6rnS
554,madDotterel4,$2b$12$iJ8HSJRpmpF.ozHL7pdegu3ige4ileFegu5qeA213Q5IWPSaN6rnS
555,pacifiedGarlic2,$2b$12$iJ8HSJRpmpF.ozHL7pdegu3ige4ileFegu5qeA213Q5IWPSaN6rnS
556,mereGnu7,$2b$12$iJ8HSJRpmpF.ozHL7pdegu3ige4ileFegu5qeA213Q5IWPSaN6rnS
557,crummyKitten9,$2b$12$iJ8HSJRpmpF.ozHL7pdegu3ige4ileFegu5qeA213Q5IWPSaN6rnS
558,chicTuna6,$2b$12$iJ8HSJRpmpF.ozHL7pdegu3ige4ileFegu5qeA213Q5IWPSaN6rnS
559,gutturalOcelot6,$2b$12$iJ8HSJRpmpF.ozHL7pdegu3ige4ileFegu5qeA213Q5IWPSaN6rnS
560,mildSeafowl0,$2b$12$iJ8HSJRpmpF.ozHL7pdegu3ige4ileFegu5qeA213Q5IWPSaN6rnS
561,abjectTomatoe6,$2b$12$iJ8HSJRpmpF.ozHL7pdegu3ige4ileFegu5qeA213Q5IWPSaN6rnS
562,mereCheese3,$2b$12$iJ8HSJRpmpF.ozHL7pdegu3ige4ileFegu5qeA213Q5IWPSaN6rnS
563,goofyChamois0,$2b$12$iJ8HSJRpmpF.ozHL7pdegu3ige4ileFegu5qeA213Q5IWPSaN6rnS
564,adoringClam5,$2b$12$iJ8HSJRpmpF.ozHL7pdegu3ige4ileFegu5qeA213Q5IWPSaN6rnS
565,thriftyHawk9,$2b$12$iJ8HSJRpmpF.ozHL7pdegu3ige4ileFegu5qeA213Q5IWPSaN6rnS
566,excludedSausage9,$2b$12$iJ8HSJRpmpF.ozHL7pdegu3ige4ileFegu5qeA213Q5IWPSaN6rnS
567,pridefulTruffle6,$2b$12$iJ8HSJRpmpF.ozHL7pdegu3ige4ileFegu5qeA213Q5IWPSaN6rnS
568,lazyTortoise3,$2b$12$iJ8HSJRpmpF.ozHL7pdegu3ige4ileFegu5qeA213Q5IWPSaN6rnS
569,innocentBuzzard8,$2b$12$iJ8HSJRpmpF.ozHL7pdegu3ige4ileFegu5qeA213Q5IWPSaN6rnS
570,gutturalCow2,$2b$12$iJ8HSJRpmpF.ozHL7pdegu3ige4ileFegu5qeA213Q5IWPSaN6rnS
571,crushedPolenta1,$2b$12$iJ8HSJRpmpF.ozHL7pdegu3ige4ileFegu5qeA213Q5IWPSaN6rnS
572,dreadfulPiglet1,$2b$12$iJ8HSJRpmpF.ozHL7pdegu3ige4ileFegu5qeA213Q5IWPSaN6rnS
573,cautiousSeahorse0,$2b$12$iJ8HSJRpmpF.ozHL7pdegu3ige4ileFegu5qeA213Q5IWPSaN6rnS
574,cockyBuck9,$2b$12$iJ8HSJRpmpF.ozHL7pdegu3ige4ileFegu5qeA213Q5IWPSaN6rnS
575,awedBasmati7,$2b$12$iJ8HSJRpmpF.ozHL7pdegu3ige4ileFegu5qeA213Q5IWPSaN6rnS
576,importedAbalone8,$2b$12$iJ8HSJRpmpF.ozHL7pdegu3ige4ileFegu5qeA213Q5IWPSaN6rnS
577,euphoricWhiting8,$2b$12$iJ8HSJRpmpF.ozHL7pdegu3ige4ileFegu5qeA213Q5IWPSaN6rnS
578,thrilledWeaver2,$2b$12$iJ8HSJRpmpF.ozHL7pdegu3ige4ileFegu5qeA213Q5IWPSaN6rnS
579,exactingOtter9,$2b$12$iJ8HSJRpmpF.ozHL7pdegu3ige4ileFegu5qeA213Q5IWPSaN6rnS
580,mellowBoars5,$2b$12$iJ8HSJRpmpF.ozHL7pdegu3ige4ileFegu5qeA213Q5IWPSaN6rnS
581,puzzledPretzels0,$2b$12$iJ8HSJRpmpF.ozHL7pdegu3ige4ileFegu5qeA213Q5IWPSaN6rnS
582,fondApricots6,$2b$12$iJ8HSJRpmpF.ozHL7pdegu3ige4ileFegu5qeA213Q5IWPSaN6rnS
583,amazedMuesli6,$2b$12$iJ8HSJRpmpF.ozHL7pdegu3ige4ileFegu5qeA213Q5IWPSaN6rnS
584,solidBuck7,$2b$12$iJ8HSJRpmpF.ozHL7pdegu3ige4ileFegu5qeA213Q5IWPSaN6rnS
585,amusedSnail6,$2b$12$iJ8HSJRpmpF.ozHL7pdegu3ige4ileFegu5qeA213Q5IWPSaN6rnS
586,finickySalami7,$2b$12$iJ8HSJRpmpF.ozHL7pdegu3ige4ileFegu5qeA213Q5IWPSaN6rnS
587,brainySyrup5,$2b$12$iJ8HSJRpmpF.ozHL7pdegu3ige4ileFegu5qeA213Q5IWPSaN6rnS
588,wornoutRice1,$2b$12$iJ8HSJRpmpF.ozHL7pdegu3ige4ileFegu5qeA213Q5IWPSaN6rnS
589,pleasedMuesli8,$2b$12$iJ8HSJRpmpF.ozHL7pdegu3ige4ileFegu5qeA213Q5IWPSaN6rnS
590,joyfulDoves3,$2b$12$iJ8HSJRpmpF.ozHL7pdegu3ige4ileFegu5qeA213Q5IWPSaN6rnS
591,joyfulSnipe4,$2b$12$iJ8HSJRpmpF.ozHL7pdegu3ige4ileFegu5qeA213Q5IWPSaN6rnS
592,amusedFerret9,$2b$12$iJ8HSJRpmpF.ozHL7pdegu3ige4ileFegu5qeA213Q5IWPSaN6rnS
593,giddyStork0,$2b$12$iJ8HSJRpmpF.ozHL7pdegu3ige4ileFegu5qeA213Q5IWPSaN6rnS
594,culturedHoopoe1,$2b$12$iJ8HSJRpmpF.ozHL7pdegu3ige4ileFegu5qeA213Q5IWPSaN6rnS
595,shamefulChowder3,$2b$12$iJ8HSJRpmpF.ozHL7pdegu3ige4ileFegu5qeA213Q5IWPSaN6rnS
596,resolvedQuiche1,$2b$12$iJ8HSJRpmpF.ozHL7pdegu3ige4ileFegu5qeA213Q5IWPSaN6rnS
597,mellowMoth9,$2b$12$iJ8HSJRpmpF.ozHL7pdegu3ige4ileFegu5qeA213Q5IWPSaN6rnS
598,betrayedCake2,$2b$12$iJ8HSJRpmpF.ozHL7pdegu3ige4ileFegu5qeA213Q5IWPSaN6rnS
599,pleasedMacaw9,$2b$12$iJ8HSJRpmpF.ozHL7pdegu3ige4ileFegu5qeA213Q5IWPSaN6rnS
600,peskyPlover3,$2b$12$iJ8HSJRpmpF.ozHL7pdegu3ige4ileFegu5qeA213Q5IWPSaN6rnS
601,excludedLemur6,$2b$12$iJ8HSJRpmpF.ozHL7pdegu3ige4ileFegu5qeA213Q5IWPSaN6rnS
602,amusedMackerel7,$2b$12$iJ8HSJRpmpF.ozHL7pdegu3ige4ileFegu5qeA213Q5IWPSaN6rnS
603,peacefulPonie1,$2b$12$iJ8HSJRpmpF.ozHL7pdegu3ige4ileFegu5qeA213Q5IWPSaN6rnS
604,ashamedThrushe3,$2b$12$iJ8HSJRpmpF.ozHL7pdegu3ige4ileFegu5qeA213Q5IWPSaN6rnS
605,gloomySheep1,$2b$12$iJ8HSJRpmpF.ozHL7pdegu3ige4ileFegu5qeA213Q5IWPSaN6rnS
606,mercifulLeopard4,$2b$12$iJ8HSJRpmpF.ozHL7pdegu3ige4ileFegu5qeA213Q5IWPSaN6rnS
607,contentTruffle7,$2b$12$iJ8HSJRpmpF.ozHL7pdegu3ige4ileFegu5qeA213Q5IWPSaN6rnS
608,wakefulMacaw1,$2b$12$iJ8HSJRpmpF.ozHL7pdegu3ige4ileFegu5qeA213Q5IWPSaN6rnS
609,wrathfulPorpoise8,$2b$12$iJ8HSJRpmpF.ozHL7pdegu3ige4ileFegu5qeA213Q5IWPSaN6rnS
610,cruelSnipe3,$2b$12$iJ8HSJRpmpF.ozHL7pdegu3ige4ileFegu5qeA213Q5IWPSaN6rnS
